gameid,url,price,currency,enabled,show_from
5620,https://www.usedgames.ca/vietnam-1965-1975.html?source=bgg,44.95,CAD,1,1
89478,https://www.usedgames.ca/imaginiff.html?source=bgg,14.95,CAD,1,1
2073,https://www.usedgames.ca/sixth-fleet-34574605.html?source=bgg,49.95,CAD,1,1
3712,https://www.usedgames.ca/tac-air.html?source=bgg,49.95,CAD,1,1
1681,https://www.usedgames.ca/tokyo-express.html?source=bgg,99.95,CAD,1,1
2407,https://www.usedgames.ca/sorry.html?source=bgg,9.95,CAD,1,1
1475,https://www.usedgames.ca/careers.html?source=bgg,19.95,CAD,1,1
32253,https://www.usedgames.ca/caveman.html?source=bgg,39.95,CAD,1,1
6676,https://www.usedgames.ca/sports-franchise.html?source=bgg,29.95,CAD,1,1
13,https://www.usedgames.ca/the-settlers-of-catan-34291480.html?source=bgg,29.95,CAD,1,1
13,https://www.usedgames.ca/the-settlers-of-catan-34291480.html?source=bgg,29.95,CAD,1,1
320,https://www.usedgames.ca/scrabble.html?source=bgg,14.95,CAD,1,1
69973,https://www.usedgames.ca/ticked-off.html?source=bgg,14.95,CAD,1,1
1295,https://www.usedgames.ca/pente.html?source=bgg,19.95,CAD,1,1
699,https://www.usedgames.ca/hero-quest.html?source=bgg,199.95,CAD,1,1
10183,https://www.usedgames.ca/napoleon-at-leipzig.html?source=bgg,59.95,CAD,1,1
6813,https://www.usedgames.ca/operation-market-garden.html?source=bgg,14.95,CAD,1,1
626,https://www.usedgames.ca/war-and-peace.html?source=bgg,24.95,CAD,1,1
5312,https://www.usedgames.ca/family-feud.html?source=bgg,19.95,CAD,1,1
93537,https://www.usedgames.ca/giza-the-great-pyramid.html?source=bgg,24.95,CAD,1,1
18179,https://www.usedgames.ca/think-twice.html?source=bgg,24.95,CAD,1,1
9356,https://www.usedgames.ca/pacific-fleet.html?source=bgg,59.95,CAD,1,1
175563,https://www.usedgames.ca/gross-abulary.html?source=bgg,19.95,CAD,1,1
2073,https://www.usedgames.ca/sixth-fleet-34574605.html?source=bgg,39.95,CAD,1,1
16701,https://www.usedgames.ca/birthday-gamesake.html?source=bgg,19.95,CAD,1,1
1923,https://www.usedgames.ca/mindtrap.html?source=bgg,9.95,CAD,1,1
1417,https://www.usedgames.ca/alibi.html?source=bgg,9.95,CAD,1,1
2879,https://www.usedgames.ca/encore.html?source=bgg,34.95,CAD,1,1
7918,https://www.usedgames.ca/eagle-eye-agency.html?source=bgg,49.95,CAD,1,1
67488,https://www.usedgames.ca/too-bad.html?source=bgg,14.95,CAD,1,1
54152,https://www.usedgames.ca/who-wants-to-be-a-millionaire.html?source=bgg,24.95,CAD,1,1
166532,https://www.usedgames.ca/cubo.html?source=bgg,4.95,CAD,1,1
2921,https://www.usedgames.ca/the-game-of-life.html?source=bgg,29.95,CAD,1,1
3762,https://www.usedgames.ca/mr-diamond.html?source=bgg,34.95,CAD,1,1
13137,https://www.usedgames.ca/kids-battle-the-grown-ups.html?source=bgg,29.95,CAD,1,1
14092,https://www.usedgames.ca/scribbage.html?source=bgg,9.95,CAD,1,1
4279,https://www.usedgames.ca/flux.html?source=bgg,34.95,CAD,1,1
4061,https://www.usedgames.ca/tiles.html?source=bgg,14.95,CAD,1,1
9027,https://www.usedgames.ca/oasis.html?source=bgg,24.95,CAD,1,1
37738,https://www.usedgames.ca/master-builder.html?source=bgg,49.95,CAD,1,1
1148,https://www.usedgames.ca/eagle-kingdoms.html?source=bgg,14.95,CAD,1,1
4922,https://www.usedgames.ca/clever-endeavor.html?source=bgg,19.95,CAD,1,1
21464,https://www.usedgames.ca/california.html?source=bgg,14.95,CAD,1,1
10289,https://www.usedgames.ca/split-level-aggravation.html?source=bgg,19.95,CAD,1,1
4496,https://www.usedgames.ca/horse-sense.html?source=bgg,34.95,CAD,1,1
9815,https://www.usedgames.ca/goosebumps-a-night-in-terror-tower-game.html?source=bgg,19.95,CAD,1,1
1996,https://www.usedgames.ca/face-off.html?source=bgg,49.95,CAD,1,1
2887,https://www.usedgames.ca/the-yeti-slalom.html?source=bgg,9.95,CAD,1,1
3591,https://www.usedgames.ca/cribb-derby.html?source=bgg,49.95,CAD,1,1
2379,https://www.usedgames.ca/guesstures-35503822.html?source=bgg,14.95,CAD,1,1
80836,https://www.usedgames.ca/the-target.html?source=bgg,9.95,CAD,1,1
16373,https://www.usedgames.ca/techno-witches.html?source=bgg,4.95,CAD,1,1
93541,https://www.usedgames.ca/urbania.html?source=bgg,19.95,CAD,1,1
6824,https://www.usedgames.ca/gold-und-rum-used.html?source=bgg,14.95,CAD,1,1
20031,https://www.usedgames.ca/ahoy.html?source=bgg,14.95,CAD,1,1
6824,https://www.usedgames.ca/gold-und-rum-used.html?source=bgg,0.00,CAD,1,1
69356,https://www.usedgames.ca/kalua.html?source=bgg,14.95,CAD,1,1
7957,https://www.usedgames.ca/franchisit.html?source=bgg,24.95,CAD,1,1
32666,https://www.usedgames.ca/wealth-of-nations.html?source=bgg,149.95,CAD,1,1
38453,https://www.usedgames.ca/space-alert.html?source=bgg,34.95,CAD,1,1
8933,https://www.usedgames.ca/happiness.html?source=bgg,24.95,CAD,1,1
986,https://www.usedgames.ca/babel.html?source=bgg,49.95,CAD,1,1
104377,https://www.usedgames.ca/tschak-nib.html?source=bgg,24.95,CAD,1,1
139,https://www.usedgames.ca/hoax-1981.html?source=bgg,49.95,CAD,1,1
3549,https://www.usedgames.ca/superpower-1986.html?source=bgg,24.95,CAD,1,1
3692,https://www.usedgames.ca/firepower-1984.html?source=bgg,39.95,CAD,1,1
4664,https://www.usedgames.ca/challenge-bridge-1973.html?source=bgg,19.95,CAD,1,1
3613,https://www.usedgames.ca/air-superiority.html?source=bgg,24.95,CAD,1,1
1714,https://www.usedgames.ca/moonstar-1981.html?source=bgg,59.95,CAD,1,1
1275,https://www.usedgames.ca/221b-baker-street-the-master-detective-game-1975.html?source=bgg,19.95,CAD,1,1
3226,https://www.usedgames.ca/bowl-bound-1973.html?source=bgg,99.95,CAD,1,1
827,https://www.usedgames.ca/attila-2000.html?source=bgg,29.95,CAD,1,1
93979,https://www.usedgames.ca/diception-2011.html?source=bgg,19.95,CAD,1,1
3610,https://www.usedgames.ca/word-power-1963.html?source=bgg,19.95,CAD,1,1
1098,https://www.usedgames.ca/judge-dredd-1982.html?source=bgg,59.95,CAD,1,1
1233,https://www.usedgames.ca/facts-in-five-1964.html?source=bgg,14.95,CAD,1,1
794,https://www.usedgames.ca/foil-1968.html?source=bgg,9.95,CAD,1,1
1724,https://www.usedgames.ca/bureaucracy-1981.html?source=bgg,19.95,CAD,1,1
5304,https://www.usedgames.ca/basketball-strategy-1974.html?source=bgg,19.95,CAD,1,1
1513,https://www.usedgames.ca/the-republic-of-rome-1990.html?source=bgg,109.95,CAD,1,1
1988,https://www.usedgames.ca/outlaw-trail-the-western-game-1972.html?source=bgg,29.95,CAD,1,1
3011,https://www.usedgames.ca/supermoney-1978.html?source=bgg,19.95,CAD,1,1
11917,https://www.usedgames.ca/trivial-detective-1985.html?source=bgg,9.95,CAD,1,1
1228,https://www.usedgames.ca/maneuver-1979.html?source=bgg,14.95,CAD,1,1
1593,https://www.usedgames.ca/down-with-the-king-1981.html?source=bgg,24.95,CAD,1,1
97903,https://www.usedgames.ca/rampage-board-game-aka-terrror-at-meeple-city.html?source=bgg,79.95,CAD,1,1
5272,https://www.usedgames.ca/hilarium-board-game-nis.html?source=bgg,29.95,CAD,1,1
19211,https://www.usedgames.ca/lovers-wild-1981.html?source=bgg,39.95,CAD,1,1
69789,https://www.usedgames.ca/ascension-chronicle-of-the-godslayer-2010.html?source=bgg,14.95,CAD,1,1
4056,https://www.usedgames.ca/the-anyville-horror-2001.html?source=bgg,9.95,CAD,1,1
122690,https://www.usedgames.ca/star-trek-deck-building-game-the-original-series-2.html?source=bgg,24.95,CAD,1,1
125752,https://www.usedgames.ca/race-formula-90-2013-nis.html?source=bgg,89.98,CAD,1,1
37231,https://www.usedgames.ca/comuni-2008-nis.html?source=bgg,39.95,CAD,1,1
127095,https://www.usedgames.ca/origin-2013-nis.html?source=bgg,24.95,CAD,1,1
2096,https://www.usedgames.ca/caprice-1999-nis.html?source=bgg,19.95,CAD,1,1
2950,https://www.usedgames.ca/dune-the-duel-1984-nis.html?source=bgg,169.95,CAD,1,1
110277,https://www.usedgames.ca/among-the-stars-2012.html?source=bgg,24.95,CAD,1,1
156976,https://www.usedgames.ca/planes-2014.html?source=bgg,19.95,CAD,1,1
7995,https://www.usedgames.ca/quits-1990-nis.html?source=bgg,29.95,CAD,1,1
102680,https://www.usedgames.ca/trajan-2011.html?source=bgg,34.95,CAD,1,1
1248,https://www.usedgames.ca/hacker-2-the-dark-side-1993-nis.html?source=bgg,49.95,CAD,1,1
34635,https://www.usedgames.ca/stone-age-board-game-2008-edition.html?source=bgg,49.95,CAD,1,1
181293,https://www.usedgames.ca/alien-artifacts-2017.html?source=bgg,19.95,CAD,1,1
121410,https://www.usedgames.ca/steam-park-2013.html?source=bgg,19.95,CAD,1,1
159141,https://www.usedgames.ca/code-of-nine-2012-nis.html?source=bgg,19.95,CAD,1,1
146099,https://www.usedgames.ca/pew-pew-2013-nis.html?source=bgg,39.95,CAD,1,1
233973,https://www.usedgames.ca/huns-2018-nis.html?source=bgg,19.95,CAD,1,1
3242,https://www.usedgames.ca/clash-of-the-gladiators-2002-nis.html?source=bgg,49.95,CAD,1,1
11167,https://www.usedgames.ca/brain-quest-1993-nis.html?source=bgg,14.95,CAD,1,1
92643,https://www.usedgames.ca/artus-2011-nis.html?source=bgg,49.95,CAD,1,1
128063,https://www.usedgames.ca/uchronia-2012-nis.html?source=bgg,39.95,CAD,1,1
13557,https://www.usedgames.ca/play-bridge-1989-nis.html?source=bgg,59.95,CAD,1,1
132428,https://www.usedgames.ca/bioshock-infinite-the-siege-of-columbia-2013-nis.html?source=bgg,49.95,CAD,1,1
23913,https://www.usedgames.ca/league-of-pirates-2006-nis.html?source=bgg,14.95,CAD,1,1
8045,https://www.usedgames.ca/princes-of-the-renaissance-2003-nis.html?source=bgg,49.95,CAD,1,1
19508,https://www.usedgames.ca/igels-the-card-game.html?source=bgg,14.95,CAD,1,1
581,https://www.usedgames.ca/tile-chess-1999-nis.html?source=bgg,19.95,CAD,1,1
9728,https://www.usedgames.ca/oxford-dilemma-word-roll-1999-nis.html?source=bgg,19.95,CAD,1,1
1733,https://www.usedgames.ca/jago-1984-nis.html?source=bgg,39.95,CAD,1,1
40816,https://www.usedgames.ca/magestorm-2010-nis.html?source=bgg,39.95,CAD,1,1
20134,https://www.usedgames.ca/das-ende-des-triumvirats-2005-nis.html?source=bgg,29.95,CAD,1,1
137811,https://www.usedgames.ca/galactic-strike-force-2014.html?source=bgg,19.95,CAD,1,1
29294,https://www.usedgames.ca/world-of-warcraft-the-adventure-game-2008.html?source=bgg,49.95,CAD,1,1
1172,https://www.usedgames.ca/lucky-five-1998.html?source=bgg,29.95,CAD,1,1
158899,https://www.usedgames.ca/colt-express-2014-nis.html?source=bgg,34.95,CAD,1,1
38707,https://www.usedgames.ca/bushido-der-weg-des-kriegers-2008-nis.html?source=bgg,29.95,CAD,1,1
256883,https://www.usedgames.ca/comanauts-2019.html?source=bgg,29.95,CAD,1,1
160559,https://www.usedgames.ca/simurgh-2015-nis.html?source=bgg,49.95,CAD,1,1
204600,https://www.usedgames.ca/the-crow-fire-it-up-2016.html?source=bgg,19.95,CAD,1,1
38054,https://www.usedgames.ca/snow-tails-2008.html?source=bgg,39.95,CAD,1,1
104858,https://www.usedgames.ca/rock-science-2011-nis.html?source=bgg,19.95,CAD,1,1
4083,https://www.usedgames.ca/hi-spot-1969.html?source=bgg,9.95,CAD,1,1
5696,https://www.usedgames.ca/crisis-1975.html?source=bgg,24.95,CAD,1,1
13219,https://www.usedgames.ca/scrabble-upper-hand-1981.html?source=bgg,19.95,CAD,1,1
12588,https://www.usedgames.ca/asterix-the-board-game-1990.html?source=bgg,4.95,CAD,1,1
6752,https://www.usedgames.ca/attack-2003.html?source=bgg,24.95,CAD,1,1
7824,https://www.usedgames.ca/break-the-safe-2003.html?source=bgg,9.95,CAD,1,1
12428,https://www.usedgames.ca/all-ears-1992.html?source=bgg,29.95,CAD,1,1
20018,https://www.usedgames.ca/aloha-2005.html?source=bgg,24.95,CAD,1,1
956,https://www.usedgames.ca/azteca-1998.html?source=bgg,29.95,CAD,1,1
1931,https://www.usedgames.ca/anti-monopoly-1973.html?source=bgg,24.95,CAD,1,1
13990,https://www.usedgames.ca/ultimate-auto-trivia-2002.html?source=bgg,19.95,CAD,1,1
31887,https://www.usedgames.ca/amuseamaze-2007.html?source=bgg,19.95,CAD,1,1
5854,https://www.usedgames.ca/azuma-1992.html?source=bgg,14.95,CAD,1,1
31745,https://www.usedgames.ca/utopia-2007.html?source=bgg,29.95,CAD,1,1
13384,https://www.usedgames.ca/election-usa-2004-nis.html?source=bgg,29.95,CAD,1,1
18289,https://www.usedgames.ca/key-largo-2005.html?source=bgg,19.95,CAD,1,1
2550,https://www.usedgames.ca/snarf-quest-2001.html?source=bgg,24.95,CAD,1,1
3951,https://www.usedgames.ca/octrix-1970.html?source=bgg,14.95,CAD,1,1
285,https://www.usedgames.ca/monsters-ravage-america-1998.html?source=bgg,34.95,CAD,1,1
12511,https://www.usedgames.ca/artifact-2004.html?source=bgg,14.95,CAD,1,1
12017,https://www.usedgames.ca/alphemo-1987.html?source=bgg,29.95,CAD,1,1
244,https://www.usedgames.ca/circus-maximus-1979-nis.html?source=bgg,74.95,CAD,1,1
12372,https://www.usedgames.ca/shakespeare-the-bard-game.html?source=bgg,34.95,CAD,1,1
118703,https://www.usedgames.ca/20th-century-limited-2015-nis.html?source=bgg,29.95,CAD,1,1
29410,https://www.usedgames.ca/municipium-2008-nis.html?source=bgg,29.95,CAD,1,1
4249,https://www.usedgames.ca/trias-2002-nis.html?source=bgg,74.95,CAD,1,1
1713,https://www.usedgames.ca/maharaja-1994-nis.html?source=bgg,54.95,CAD,1,1
143782,https://www.usedgames.ca/global-mogul-2013-nis.html?source=bgg,24.95,CAD,1,1
2595,https://www.usedgames.ca/moondragon-1997-nis.html?source=bgg,74.95,CAD,1,1
33160,https://www.usedgames.ca/endeavor-2009-nis.html?source=bgg,74.95,CAD,1,1
13,https://www.usedgames.ca/the-settlers-of-catan-sealed.html?source=bgg,69.95,CAD,1,1
17661,https://www.usedgames.ca/budget-battlefield-2001-nis.html?source=bgg,34.95,CAD,1,1
133632,https://www.usedgames.ca/mythotopia-2014.html?source=bgg,19.95,CAD,1,1
73439,https://www.usedgames.ca/troyes-2010.html?source=bgg,49.95,CAD,1,1
66589,https://www.usedgames.ca/navegador-2010.html?source=bgg,59.95,CAD,1,1
3208,https://www.usedgames.ca/dragonland-2002.html?source=bgg,19.95,CAD,1,1
18602,https://www.usedgames.ca/caylus-2005.html?source=bgg,39.95,CAD,1,1
1945,https://www.usedgames.ca/ultimatum-1985.html?source=bgg,19.95,CAD,1,1
18,https://www.usedgames.ca/roborally-1994.html?source=bgg,89.95,CAD,1,1
21946,https://www.usedgames.ca/high-5-1992-nis.html?source=bgg,19.95,CAD,1,1
8095,https://www.usedgames.ca/prophecy-2002-nis.html?source=bgg,39.95,CAD,1,1
854,https://www.usedgames.ca/doge-2000-nis.html?source=bgg,39.95,CAD,1,1
3285,https://www.usedgames.ca/star-wars-jedi-unleashed-2002-nis.html?source=bgg,24.95,CAD,1,1
113517,https://www.usedgames.ca/quadefy-2011-nis.html?source=bgg,19.95,CAD,1,1
132372,https://www.usedgames.ca/guildhall-2012-nis.html?source=bgg,44.95,CAD,1,1
125618,https://www.usedgames.ca/libertalia-2012-nis.html?source=bgg,99.95,CAD,1,1
32018,https://www.usedgames.ca/hullabaloo-the-game-of-observation-1992.html?source=bgg,49.95,CAD,1,1
2503,https://www.usedgames.ca/godsfire-1976.html?source=bgg,29.95,CAD,1,1
126042,https://www.usedgames.ca/nations-2013.html?source=bgg,49.95,CAD,1,1
33107,https://www.usedgames.ca/senji-2008.html?source=bgg,79.95,CAD,1,1
136238,https://www.usedgames.ca/rofl-2013.html?source=bgg,14.95,CAD,1,1
171779,https://www.usedgames.ca/gempacked-cards-2015-nis.html?source=bgg,29.95,CAD,1,1
110277,https://www.usedgames.ca/among-the-stars-2012.html?source=bgg,24.95,CAD,1,1
8645,https://www.usedgames.ca/20th-century-time-travel-card-game-2003-nis.html?source=bgg,39.95,CAD,1,1
1247,https://www.usedgames.ca/gangland-1996.html?source=bgg,49.95,CAD,1,1
53403,https://www.usedgames.ca/battleship-gi-joe-the-rise-of-cobra-edition-2009.html?source=bgg,19.95,CAD,1,1
94346,https://www.usedgames.ca/galapa-go-2011-nis.html?source=bgg,39.95,CAD,1,1
21258,https://www.usedgames.ca/concatenate.html?source=bgg,49.95,CAD,1,1
19876,https://www.usedgames.ca/palatinus-2005-nis.html?source=bgg,19.95,CAD,1,1
7864,https://www.usedgames.ca/wildside-2003-nis.html?source=bgg,19.95,CAD,1,1
12244,https://www.usedgames.ca/word-trek-1993-nis.html?source=bgg,29.95,CAD,1,1
3801,https://www.usedgames.ca/when-darkness-comes-2002.html?source=bgg,14.95,CAD,1,1
20146,https://www.usedgames.ca/der-weg-nach-drakonia-2005-nis.html?source=bgg,24.95,CAD,1,1
7048,https://www.usedgames.ca/big-top-2003.html?source=bgg,14.95,CAD,1,1
5464,https://www.usedgames.ca/calypso-1987-nis.html?source=bgg,29.95,CAD,1,1
21859,https://www.usedgames.ca/figaro-2006.html?source=bgg,9.95,CAD,1,1
191876,https://www.usedgames.ca/ulm-2016-nis.html?source=bgg,44.95,CAD,1,1
247236,https://www.usedgames.ca/duelosaur-island-2018.html?source=bgg,29.95,CAD,1,1
102897,https://www.usedgames.ca/farmageddon-2012.html?source=bgg,14.95,CAD,1,1
138317,https://www.usedgames.ca/trains-and-stations-2013.html?source=bgg,14.95,CAD,1,1
269725,https://www.usedgames.ca/corinth-2019-nis.html?source=bgg,24.95,CAD,1,1
214989,https://www.usedgames.ca/age-of-towers-2018-nis.html?source=bgg,19.95,CAD,1,1
179182,https://www.usedgames.ca/dojo-kun-2015-nis.html?source=bgg,24.95,CAD,1,1
110524,https://www.usedgames.ca/goblins-inc-2012-nis.html?source=bgg,29.95,CAD,1,1
24082,https://www.usedgames.ca/voltage-2006.html?source=bgg,4.95,CAD,1,1
13829,https://www.usedgames.ca/garten-zwerge-ev-2004.html?source=bgg,9.95,CAD,1,1
200890,https://www.usedgames.ca/pixie-queen-2017-nis.html?source=bgg,39.95,CAD,1,1
205078,https://www.usedgames.ca/barcelona-the-rose-of-fire-2016-nis.html?source=bgg,39.95,CAD,1,1
139894,https://www.usedgames.ca/alchemist-academy-2013-nis.html?source=bgg,24.95,CAD,1,1
256967,https://www.usedgames.ca/shuffle-grand-prix-2019-nis.html?source=bgg,14.95,CAD,1,1
18866,https://www.usedgames.ca/shear-panic-2005.html?source=bgg,19.95,CAD,1,1
41636,https://www.usedgames.ca/abandon-ship-2008.html?source=bgg,19.95,CAD,1,1
223855,https://www.usedgames.ca/sentient-2017-nis.html?source=bgg,69.95,CAD,1,1
217466,https://www.usedgames.ca/mafiozoo-2017-nis.html?source=bgg,34.95,CAD,1,1
29687,https://www.usedgames.ca/leaping-lemmings-2010.html?source=bgg,34.95,CAD,1,1
8829,https://www.usedgames.ca/nobody-is-perfect-1992.html?source=bgg,19.95,CAD,1,1
177871,https://www.usedgames.ca/costume-party-2015-nis.html?source=bgg,29.95,CAD,1,1
62853,https://www.usedgames.ca/jab-realtime-boxing-2011.html?source=bgg,14.95,CAD,1,1
165950,https://www.usedgames.ca/beasty-bar-2014-nis.html?source=bgg,19.95,CAD,1,1
1708,https://www.usedgames.ca/stellar-conquest-1975.html?source=bgg,49.95,CAD,1,1
93541,https://www.usedgames.ca/urbania.html?source=bgg,24.95,CAD,1,1
23373,https://www.usedgames.ca/herocard-galaxy-2006.html?source=bgg,14.95,CAD,1,1
41259,https://www.usedgames.ca/ramses-pyramid-2009.html?source=bgg,24.95,CAD,1,1
13294,https://www.usedgames.ca/break-the-bank-1977.html?source=bgg,44.95,CAD,1,1
2106,https://www.usedgames.ca/imperium-3rd-millennium-2001.html?source=bgg,64.95,CAD,1,1
67436,https://www.usedgames.ca/harry-potter-hogwarts-2010.html?source=bgg,29.95,CAD,1,1
3138,https://www.usedgames.ca/cairo-2002.html?source=bgg,24.95,CAD,1,1
33028,https://www.usedgames.ca/dexterity-1985-59289249.html?source=bgg,49.95,CAD,1,1
7761,https://www.usedgames.ca/tee-off-on-golf-1994-nis.html?source=bgg,34.95,CAD,1,1
2535,https://www.usedgames.ca/valley-of-the-mammoths-1991-nis.html?source=bgg,99.95,CAD,1,1
54,https://www.usedgames.ca/tikal-1999-nis.html?source=bgg,54.95,CAD,1,1
564,https://www.usedgames.ca/die-seidenstrasse-1998-nis.html?source=bgg,39.95,CAD,1,1
19752,https://www.usedgames.ca/real-vegas-2005-nis.html?source=bgg,49.95,CAD,1,1
24126,https://www.usedgames.ca/the-all-canadian-trivia-board-game-millennium-edit.html?source=bgg,29.95,CAD,1,1
198525,https://www.usedgames.ca/lotus-2016-nis.html?source=bgg,24.95,CAD,1,1
30393,https://www.usedgames.ca/quao-2007.html?source=bgg,19.95,CAD,1,1
1936,https://www.usedgames.ca/paparazzo-1994-nis.html?source=bgg,19.95,CAD,1,1
30519,https://www.usedgames.ca/backround-2002.html?source=bgg,24.95,CAD,1,1
176663,https://www.usedgames.ca/wordariffic-2015-nis.html?source=bgg,19.95,CAD,1,1
34219,https://www.usedgames.ca/biblios-2007.html?source=bgg,49.95,CAD,1,1
452,https://www.usedgames.ca/mummy-rummy-1994.html?source=bgg,9.95,CAD,1,1
8039,https://www.usedgames.ca/trivial-pursuit-dvd-pop-culture-game-2003.html?source=bgg,9.95,CAD,1,1
153118,https://www.usedgames.ca/mauerhuepfer-2014-nis.html?source=bgg,69.95,CAD,1,1
220839,https://www.usedgames.ca/time-stories-brotherhood-of-the-coast-2018-nis.html?source=bgg,24.95,CAD,1,1
12440,https://www.usedgames.ca/alienz-2004-nis.html?source=bgg,19.95,CAD,1,1
253633,https://www.usedgames.ca/trivial-pursuit-x-2017-nis.html?source=bgg,19.95,CAD,1,1
184251,https://www.usedgames.ca/3-monkeys-2015.html?source=bgg,19.95,CAD,1,1
20750,https://www.usedgames.ca/black-stories-2-2005-nis.html?source=bgg,9.95,CAD,1,1
145401,https://www.usedgames.ca/crisis-tokyo-2013-nis.html?source=bgg,19.95,CAD,1,1
130899,https://www.usedgames.ca/12-days-2011.html?source=bgg,9.95,CAD,1,1
103814,https://www.usedgames.ca/streams-2011.html?source=bgg,19.95,CAD,1,1
7064,https://www.usedgames.ca/senjutsu-dynamic-samurai-combat-2003-nis.html?source=bgg,19.95,CAD,1,1
8089,https://www.usedgames.ca/x-machina-2003-nis.html?source=bgg,19.95,CAD,1,1
13896,https://www.usedgames.ca/saucy-charades-2004-nis.html?source=bgg,19.95,CAD,1,1
825,https://www.usedgames.ca/screaming-eagles-1987-nis.html?source=bgg,49.95,CAD,1,1
825,https://www.usedgames.ca/screaming-eagles-1987-nis.html?source=bgg,24.95,CAD,1,1
1496,https://www.usedgames.ca/imperium-romanum-ii-unpunched-board-game-1985.html?source=bgg,74.95,CAD,1,1
870,https://www.usedgames.ca/copy-of-empires-of-the-ancient-world-2000-nis.html?source=bgg,84.95,CAD,1,1
1656,https://www.usedgames.ca/copy-of-smokers-wild-1978-a.html?source=bgg,29.95,CAD,1,1
